node_id,trait
Uropsilus_cineronates,6.59748
Uropsilus_gracilis,6.48310
Uropsilus_nivatus,6.48310
Scalopus_aquaticus,8.99244
Scapanus_orarius,8.90598
Desmana_moschata,9.82470
Galemys_pyrenaicus,9.82470
Talpa_europaea,8.68090
Talpa_occidentalis,8.68090
Scaptochirus_moschatus,8.79528
Condylura_cristata,9.82470
Neurotrichus_gibbsii,7.62690
Dymecodon_pilirostris,7.62690
Atelerix_albiventris,6.87690
Erinaceus_europaeus,6.87690
Hemiechinus_auritus,6.87650
Mesechinus_orientalis,6.87650
Hyloymys_peguensis,9.23130
Neotetracus_sinensis,9.23130
Neohylomys_hainanensis,9.23130
Otohylomys_megalotis,7.12596
Sorex_cinereus,5.92950
Sorex_fumeus,5.92950
Sorex_palustris,5.92950
Sorex_ornatus,5.92950
Sorex_araneus,5.92950
Cryptotis_parvus,5.52690
Blarina_brevicauda,5.52690
Anourosorex_squamipes,5.92950
Pseudosoriculus_fumidus,5.92950
Nectogale_elegans,5.92950
Chimarrogale_himalayica,6.27550
Crocidura_indochinensis,6.50380
Crocidura_tanakae,8.22450
Crocidura_gueldenstaedtii,7.07330
Suncus_etruscus,7.07330
Suncus_murinus,6.87200
Solenodon_paradoxus,8.98570
