node_id,label,node_type,descendant_count,descendant_tips,trait
Taxon_A,Taxon_A,tip,1,Taxon_A,4.5
Taxon_B,Taxon_B,tip,1,Taxon_B,5.5
Taxon_C,Taxon_C,tip,1,Taxon_C,6.0
Taxon_D,Taxon_D,tip,1,Taxon_D,7.2
Taxon_E,Taxon_E,tip,1,Taxon_E,8.8
Taxon_F,Taxon_F,tip,1,Taxon_F,10.0
Taxon_G,Taxon_G,tip,1,Taxon_G,7.8
Taxon_H,Taxon_H,tip,1,Taxon_H,6.8
Taxon_I,Taxon_I,tip,1,Taxon_I,5.2
Taxon_J,Taxon_J,tip,1,Taxon_J,4.0
Taxon_K,Taxon_K,tip,1,Taxon_K,8.0
Taxon_L,Taxon_L,tip,1,Taxon_L,9.4
clade:f1f8fb20b3ea,Ancestor_AB,internal,2,Taxon_A;Taxon_B,5.0
clade:4d50d7c67e44,Ancestor_CD,internal,2,Taxon_C;Taxon_D,6.6
clade:affce5551d1f,Ancestor_ABCD,internal,4,Taxon_A;Taxon_B;Taxon_C;Taxon_D,5.8
clade:4e6b32dcfd18,Ancestor_EF,internal,2,Taxon_E;Taxon_F,9.2
clade:e09dba98b8c6,Ancestor_ABCDEF,internal,6,Taxon_A;Taxon_B;Taxon_C;Taxon_D;Taxon_E;Taxon_F,7.4
clade:715ea5d6de7e,Ancestor_GH,internal,2,Taxon_G;Taxon_H,7.3
clade:2b0cb959872e,Ancestor_IJ,internal,2,Taxon_I;Taxon_J,4.8
clade:74d2835ea56c,Ancestor_GHIJ,internal,4,Taxon_G;Taxon_H;Taxon_I;Taxon_J,6.1
clade:0f230e75a0ad,Ancestor_KL,internal,2,Taxon_K;Taxon_L,8.7
clade:138eea69d8cc,Ancestor_GHIJKL,internal,6,Taxon_G;Taxon_H;Taxon_I;Taxon_J;Taxon_K;Taxon_L,7.5
clade:77830807fcaa,Root,root,12,Taxon_A;Taxon_B;Taxon_C;Taxon_D;Taxon_E;Taxon_F;Taxon_G;Taxon_H;Taxon_I;Taxon_J;Taxon_K;Taxon_L,7.0
